-- DML
-- Users
INSERT INTO Users (User_ID, Username, Password, Email, UserType) VALUES
(1, 'tararoberts', '!HP6xxpzU1uP', 'tararoberts@gmail.com', 'admin'),
(2, 'kharris', 'j$QsWbm6VvT7', 'kharris@hotmail.com', 'guest'),
(3, 'nschmidt', 'QpDHLIaU_(J9', 'nschmidt@yahoo.com', 'admin'),
(4, 'imatthews', 'bl%OzhlNdN1Z', 'imatthews@gmail.com', 'guest'),
(5, 'anitasmith', 'a%(0Jp+8sY96', 'anitasmith@hotmail.com', 'guest'),
(6, 'susananderson', 'bA1cTsG$+VCd', 'susananderson@yahoo.com', 'manager'),
(7, 'franciscoadkins', '+8_n(PAjhr4m', 'franciscoadkins@yahoo.com', 'guest'),
(8, 'barkerkristina', 'CvCz8Sp%(vO2', 'barkerkristina@gmail.com', 'guest'),
(9, 'david51', '@NEVkFdJFY0L', 'david51@hotmail.com', 'guest'),
(10, 'trevor88', '2&XGeh62^10V', 'trevor88@gmail.com', 'guest'),
(11, 'jasonwright', '+17l^vL8j@XY', 'jasonwright@gmail.com', 'guest'),
(12, 'polson', 's^!3o$H5Ij(P', 'polson@yahoo.com', 'guest'),
(13, 'jennifer53', 'Q@8raRpu!So1', 'jennifer53@yahoo.com', 'manager'),
(14, 'kleinashley', '1LNEp^gC)gN*', 'kleinashley@yahoo.com', 'guest'),
(15, 'fsimmons', '4765fyBF@WVs', 'fsimmons@hotmail.com', 'manager'),
(16, 'tatejustin', 'G&8MHcu9^(D)', 'tatejustin@hotmail.com', 'manager'),
(17, 'igarcia', 'Ey+_CeZf&NS3', 'igarcia@hotmail.com', 'manager'),
(18, 'sjohnson', 'IG9t!Exge$^0', 'sjohnson@yahoo.com', 'guest'),
(19, 'tbonilla', '^B0Fvrz26(jU', 'tbonilla@yahoo.com', 'manager'),
(20, 'cookangela', 'JQ#Vplihq_9T', 'cookangela@hotmail.com', 'guest'),
(21, 'williambrown', '%0ZT1AgC9pXp', 'williambrown@hotmail.com', 'manager'),
(22, 'iroberts', 'fI1WgpQnA_+l', 'iroberts@gmail.com', 'guest'),
(23, 'toddlawson', '%n2jTRk^_3xw', 'toddlawson@hotmail.com', 'guest'),
(24, 'chloesavage', 'Y*6fWlbR*yKo', 'chloesavage@gmail.com', 'guest'),
(25, 'jeffery69', '_0$D!pKCvwRe', 'jeffery69@gmail.com', 'guest'),
(26, 'natalieflynn', '8&9yEM*oEVqg', 'natalieflynn@hotmail.com', 'guest'),
(27, 'rjones', '56O9MN)cDS#E', 'rjones@yahoo.com', 'guest'),
(28, 'ilyons', 'h7DAKK+A#hTb', 'ilyons@yahoo.com', 'guest'),
(29, 'courtney17', '#Yw1prWpJM%9', 'courtney17@hotmail.com', 'guest'),
(30, 'robert16', 'd%R^evfxsEL8', 'robert16@yahoo.com', 'guest'),
(31, 'craig46', 'Z+cUybxSq@0a', 'craig46@yahoo.com', 'guest'),
(32, 'sanchezcassandra', '^VA!9RGv*9bJ', 'sanchezcassandra@hotmail.com', 'guest'),
(33, 'etaylor', 'D$gK6JmhNyex', 'etaylor@gmail.com', 'guest'),
(34, 'murrayryan', 'F@VE2KTi$2l*', 'murrayryan@gmail.com', 'guest'),
(35, 'bsavage', 'v&_bMdPl*XA0', 'bsavage@gmail.com', 'manager'),
(36, 'gmonroe', 'hPbHGqX^(J5P', 'gmonroe@yahoo.com', 'manager'),
(37, 'jody32', '%ycHqvic)0mP', 'jody32@hotmail.com', 'admin'),
(38, 'tholloway', '!5!Le+OMHPGi', 'tholloway@yahoo.com', 'guest'),
(39, 'davidhanson', '92$Adx7cm2)*', 'davidhanson@hotmail.com', 'guest'),
(40, 'lpace', 'F)XoB_uj&vx8', 'lpace@yahoo.com', 'guest'),
(41, 'stewartralph', 'L^HjDNYuQp45', 'stewartralph@hotmail.com', 'admin'),
(42, 'ashley63', '*0@XTd!&6WmX', 'ashley63@yahoo.com', 'guest'),
(43, 'jack05', 'A$6@vRpy)xGO', 'jack05@hotmail.com', 'manager'),
(44, 'lpollard', 'N^g4Vs@!w#L3', 'lpollard@hotmail.com', 'guest'),
(45, 'nwalker', '&z0PbkjoQ(s_', 'nwalker@hotmail.com', 'guest'),
(46, 'heidibrown', 'cs4BWo+!e+9z', 'heidibrown@gmail.com', 'guest'),
(47, 'palmerchristian', '!7iCX_DOrdci', 'palmerchristian@hotmail.com', 'guest'),
(48, 'kathryn93', 'RstPq^ca%c#2', 'kathryn93@yahoo.com', 'guest'),
(49, 'craymond', 'b8KY$o6(!)Z$', 'craymond@hotmail.com', 'guest'),
(50, 'david89', '%M@f1UGz8h#j', 'david89@gmail.com', 'manager'),
(51, 'hcollins', '^vfPfw5b#9oO', 'hcollins@hotmail.com', 'manager'),
(52, 'petererickson', '@s$HKPRLs1s)', 'petererickson@gmail.com', 'guest'),
(53, 'curtis70', 'oG%i&@s*e5Qa', 'curtis70@hotmail.com', 'guest'),
(54, 'victoriahughes', 'w#H&kqEXr3fK', 'victoriahughes@yahoo.com', 'guest'),
(55, 'obrienhannah', 'aeBeBqRj!182', 'obrienhannah@yahoo.com', 'guest'),
(56, 'ysanchez', 'Up0&B$Mfh!E1', 'ysanchez@hotmail.com', 'guest'),
(57, 'ihaynes', 'wu(YeBjp_8W&', 'ihaynes@gmail.com', 'guest'),
(58, 'rosefox', 'rk7IxwUp$76&', 'rosefox@yahoo.com', 'admin'),
(59, 'stewartfrank', '^kj$YWoe2+0l', 'stewartfrank@yahoo.com', 'manager'),
(60, 'dgibbs', '%AYE5izt200K', 'dgibbs@gmail.com', 'guest'),
(61, 'xsloan', 'MFMOw(fZ)4c!', 'xsloan@hotmail.com', 'guest'),
(62, 'wilsonmichael', 'e_w^skGZ+6Us', 'wilsonmichael@hotmail.com', 'guest'),
(63, 'marychavez', 'J^dGa+)$!2WP', 'marychavez@gmail.com', 'manager'),
(64, 'michael31', '(FD2l1ZrVXz#', 'michael31@hotmail.com', 'guest'),
(65, 'anthonyvargas', '^LaMP0Uzf%wS', 'anthonyvargas@yahoo.com', 'guest'),
(66, 'paynejohn', '*eF#fjF@p4Dm', 'paynejohn@gmail.com', 'manager'),
(67, 'gonzaleslauren', '!!nT5Mei)i4A', 'gonzaleslauren@gmail.com', 'guest'),
(68, 'donnaanderson', '*MrGCzzrs1Ai', 'donnaanderson@gmail.com', 'guest'),
(69, 'morganjohn', 'Dx3W3zgm7#Kk', 'morganjohn@yahoo.com', 'manager'),
(70, 'melissa87', '$D8^HQk3imnF', 'melissa87@yahoo.com', 'manager'),
(71, 'william76', ')qj5gw3JohM)', 'william76@yahoo.com', 'manager'),
(72, 'joshua93', 'XZT6kQbg(0k8', 'joshua93@gmail.com', 'guest'),
(73, 'jamesbonilla', '*f0j(skU+YGE', 'jamesbonilla@yahoo.com', 'guest'),
(74, 'bartonjeffery', 'v&0YPcKy&!2f', 'bartonjeffery@gmail.com', 'guest'),
(75, 'hernandezjeffrey', 'L*7F^2en!6sD', 'hernandezjeffrey@gmail.com', 'guest'),
(76, 'jesse87', 'ct9Ik9a#+6xO', 'jesse87@yahoo.com', 'guest'),
(77, 'patelsarah', 'J_j*6Ee39^I#', 'patelsarah@gmail.com', 'guest'),
(78, 'edwinwallace', '%rYNFfT)I4NH', 'edwinwallace@gmail.com', 'manager'),
(79, 'andersonjessica', 'cn7Wl#Hg%DO%', 'andersonjessica@hotmail.com', 'guest'),
(80, 'elam', 'n1^ikpRa$Jvi', 'elam@hotmail.com', 'guest'),
(81, 'gevans', 'yJc_6Umv7bCE', 'gevans@gmail.com', 'guest'),
(82, 'narmstrong', 'Q2%ELqq@!YYZ', 'narmstrong@hotmail.com', 'manager'),
(83, 'wmedina', 'f6q4(+Uw^FTY', 'wmedina@gmail.com', 'manager'),
(84, 'stephensmelissa', '7B1bZZuc#bmk', 'stephensmelissa@hotmail.com', 'guest'),
(85, 'mary68', 'W#wD6dAe*nHW', 'mary68@hotmail.com', 'guest'),
(86, 'emoran', 'dxDeBL&l$2N1', 'emoran@gmail.com', 'guest'),
(87, 'melaniesolomon', '(5%2bW(yLcNl', 'melaniesolomon@hotmail.com', 'manager'),
(88, 'colescott', 'V2Tc#hy&J$65', 'colescott@yahoo.com', 'guest'),
(89, 'vpowell', 'nZcV*7zwg&1J', 'vpowell@hotmail.com', 'manager'),
(90, 'loritran', '%(GYRCnOo)19', 'loritran@gmail.com', 'guest'),
(91, 'cassie81', '++z1NLvfl87v', 'cassie81@hotmail.com', 'guest'),
(92, 'barbara29', '%1OifdNL+3ZF', 'barbara29@hotmail.com', 'guest'),
(93, 'mbenson', '5TBpGErc(gsp', 'mbenson@hotmail.com', 'guest'),
(94, 'andreahernandez', ')6X&ukduGWSr', 'andreahernandez@gmail.com', 'manager'),
(95, 'fritzerica', '+YekRQ7c#32T', 'fritzerica@yahoo.com', 'guest'),
(96, 'anneramos', 'L*8EeDqu5R9O', 'anneramos@gmail.com', 'guest'),
(97, 'apope', 'Ws6JFqKa5$JN', 'apope@gmail.com', 'guest'),
(98, 'pmckenzie', 'C99!*vNxo(UT', 'pmckenzie@yahoo.com', 'guest'),
(99, 'harrisalexander', 'JoqQtoeV#!4B', 'harrisalexander@gmail.com', 'manager'),
(100, 'imartin', '!6d#p(Pr*yGt', 'imartin@gmail.com', 'guest');

SELECT * FROM Users;


-- Hotels
INSERT INTO Hotels (Hotel_ID, Name, Address, Contact_Number, Email, Rating, Country) VALUES
(1, 'Carlson, Hawkins and Rodriguez Hotel', 'Unit 2301 Box 0625, DPO AE 05203', '001-957-301-5562', 'carlson@gmail.com', 3.5, 'France'),
(2, 'Ford, Taylor and Thomas Hotel', '90155 Jamie Viaduct Apt. 117, East Edwardburgh, MN 25875', '533-404-795451404', 'thom@yahoo.com', 3.1, 'France'),
(3, 'Espinoza-Dudley Hotel', '90885 Hill Locks Suite 280, North Brian, VT 10616', '+1-789-713-6321x3792', 'espins@yahoo.com', 3.5, 'UK'),
(4, 'Taylor-Johnson Hotel', 'Unit 7816 Box 1536, DPO AP 98388', '(792)644-5069', 'danielserin@gmail.com', 4.3, 'UK'),
(5, 'Johnson, Drake and Frank Hotel', '30339 Martin Brooks Apt. 814, Duanestad, GU 97435', '447.741.2858x1058', 'hannahnewman@hotmail.com', 2.2, 'UK'),
(6, 'Hanna, Landry and Robinson Hotel', '935 Crystal Bypass, Cohenmouth, VI 69179', '+1-758-506-6359x367', 'tonyashannon@yahoo.com', 4.3, 'Canada'),
(7, 'Obrien PLC Hotel', '68381 Ronald Streets Suite 047, North Morgan, LA 81707', '001-744-776-0847x2601', 'aaron59@hotmail.com', 4.8, 'Germany'),
(8, 'Alexandra', '2 Sayat-Nova', '0917143385', 'richlinda@gmail.com', 5.0, 'Armenia'),
(9, 'Wood-Irwin Hotel', '08322 Smith Loaf Apt. 854, Meganbury, KS 39109', '001-214-970-1228', 'lmartinez@yahoo.com', 2.6, 'UK'),
(10, 'King, Rose and Walker Hotel', '19389 Alexa Well Suite 968, Fullerhaven, NJ 77946', '001-335-576-6130', 'jennifer71@yahoo.com', 3.9, 'Armenia'),
(11, 'Rice LLC Hotel', '1306 Hayden Common Suite 852, Gibsonburgh, ID 54890', '813.448.6525', 'davidsondeanna@yahoo.com', 2.5, 'Canada'),
(12, 'Parsons LLC Hotel', '696 Solis Forge Suite 549, Laurieburgh, MO 99612', '001-611-516-6930x3796', 'hannah42@yahoo.com', 4.9, 'Germany'),
(13, 'Mitchell-Carpenter Hotel', '3403 Michael Harbor, Kellyside, TN 77852', '001-735-671-3756', 'rwhitaker@yahoo.com', 1.3, 'UK'),
(14, 'Allen, Rich and Green Hotel', '92374 Miller Mountains Apt. 848, North Jessebury, ND 01978', '5636584983', 'vstokes@hotmail.com', 2.5, 'UK'),
(15, 'Stewart PLC Hotel', '82031 Dennis Locks Suite 206, South Jennifer, AS 04033', '773.721.4810', 'duncanjoanna@gmail.com', 3.5, 'Armenia'),
(16, 'Vargas, Ward and Thompson Hotel', '3903 Ashley Path, Philipfurt, MP 62772', '547-877-0476x144', 'lunachristopher@yahoo.com', 2.3, 'UK'),
(17, 'Dawson-Griffin Hotel', '4840 Lam Via, Port Felicia, DE 01264', '+1-418-559-0555x975', 'jonathon23@hotmail.com', 4.7, 'UK'),
(18, 'Riddle, Bailey and Glover Hotel', '972 Clark Mountains, Ellisfurt, VI 84605', '(567)551-0739x271', 'candicemorgan@gmail.com', 3.8, 'UK'),
(19, 'Winters, Scott and Lopez Hotel', '6608 George Spring, East Jeffery, CO 41328', '(913)476-1154', 'lemichelle@hotmail.com', 3.1, 'France'),
(20, 'Mora, Oliver and Miller Hotel', '75458 Kyle Pike, South Frederickton, WY 64046', '(955)828-7421x6285', 'jonesraymond@gmail.com', 4.1, 'UK'),
(21, 'Macdonald and Sons Hotel', '822 Stephanie Corners, Port Nicole, AL 62443', '(548)761-2969', 'kroberts@yahoo.com', 4.5, 'Canada'),
(22, 'Solis Inc Hotel', 'Unit 1482 Box 0892, DPO AA 84887', '267-861-8569x308', 'rebeccalowe@gmail.com', 4.8, 'Canada'),
(23, 'Areni Hotel', 'Unit 3712 Box 6680, DPO AA 27047', '862-616-2837', 'tranvalerie@yahoo.com', 4.5, 'Armenia'),
(24, 'Torres LLC Hotel', '78176 Johnson Circle Suite 726, Coltonstad, NM 79168', '488-270-4890', 'hleach@gmail.com', 1.9, 'Germany'),
(25, 'Mcintosh Ltd Hotel', '40567 Kelly Highway, Lake Tracyborough, KY 16599', '(898)989-7659', 'pennyedwards@gmail.com', 5.0, 'USA'),
(26, 'Mason-Williams Hotel', '235 Laura Rapids Suite 587, Burnetthaven, MI 47633', '213-725-0605', 'sjoyce@gmail.com', 3.2, 'Canada'),
(27, 'Hill Inc Hotel', '2053 Patty Station Suite 610, Lake Jennifer, WA 71939', '977.330.3904x66311', 'johnhubbard@gmail.com', 4.1, 'UK'),
(28, 'Martinez Inc Hotel', '102 Ballard Pass, Elizabethville, KS 20513', '(265)692-8468x0595', 'danielscott@hotmail.com', 5.0, 'Germany'),
(29, 'Hayes-Fernandez Hotel', '9499 Anthony Square, New Nathanmouth, MD 84377', '806.975.9401x9040', 'cruzwesley@gmail.com', 5.0, 'Canada'),
(30, 'Navarro-Snyder Hotel', '82492 Williams Mount Suite 016, Ryanborough, LA 62711', '713-785-2677x5400', 'jasonnicholson@gmail.com', 4.8, 'UK'),
(31, 'Johnson-Davis Hotel', '39105 Melody Meadows Suite 169, Samanthaberg, MA 43452', '330-698-7373', 'michellebryant@hotmail.com', 3.2, 'UK'),
(32, 'Anderson, Winters and Jones Hotel', '68524 Long Pine, Lake Dannyland, NC 01476', '001-760-289-6839x2288', 'julie00@yahoo.com', 4.1, 'France'),
(33, 'DiliMili', '634 Anderson Estates, Katherineborough, WA 51489', '282.330.2580x842', 'susan92@gmail.com', 2.6, 'Armenia'),
(34, 'Bright Ltd Hotel', '025 Miller Forest, Leefort, NE 53668', '(708)528-0540', 'suzanne86@gmail.com', 2.8, 'USA'),
(35, 'Ayala Inc Hotel', '0218 Cooley Drive Suite 632, Port Pambury, HI 40533', '834-861-8607x80950', 'kimberlymills@gmail.com', 4.1, 'UK'),
(36, 'Chavez Ltd Hotel', '0730 Kevin Plain Apt. 041, Kaylaland, NE 56574', '001-619-805-2040x92921', 'montoyapaul@gmail.com', 3.6, 'France'),
(37, 'Little, Cabrera and Lowery Hotel', '8582 Gonzalez Plains, Gregoryberg, CA 44424', '+1-433-663-2353', 'jallen@hotmail.com', 4.8, 'Germany'),
(38, 'Fitzgerald, Carpenter and Jordan Hotel', '69368 Fields Courts, South Karenborough, GA 18770', '+1-935-782-4474x471', 'rholland@hotmail.com', 4.2, 'France'),
(39, 'Quinn Ltd Hotel', '8797 Adkins Brook, South Rachel, PR 86410', '+1-244-534-5110x4248', 'dholmes@gmail.com', 3.8, 'Germany'),
(40, 'Glass, Figueroa and Campbell Hotel', '07023 Erickson Shores Apt. 672, Lake Jennifer, UT 75298', '+1-711-253-6893', 'donna47@gmail.com', 2.7, 'USA'),
(41, 'Jones-Jones Hotel', '47021 Hayes Village, New Caleb, GU 93085', '001-811-710-8514', 'nhill@hotmail.com', 3.2, 'Germany'),
(42, 'Graham, Johnson and Green Hotel', 'PSC 2663, Box 0793, APO AE 52858', '362-261-4722x0784', 'lalexander@hotmail.com', 3.6, 'Canada'),
(43, 'Holloway-Walker Hotel', '50664 Turner Burgs Apt. 957, New Jameschester, RI 48498', '248.487.7684', 'gregory04@hotmail.com', 3.1, 'France'),
(44, 'Crawford PLC Hotel', '9078 Martinez Brooks Suite 007, Leeside, AR 15724', '946.850.1745', 'deannacampbell@yahoo.com', 1.9, 'Germany'),
(45, 'Hudson, Jones and Simpson Hotel', '6937 Johnson Prairie Apt. 864, South Rebecca, OR 31204', '001-726-336-1498x1543', 'mcdanielelizabeth@yahoo.com', 1.4, 'France'),
(46, 'Becker Inc Hotel', '06591 Lisa Well Suite 932, Lake Danielview, FM 18240', '519.528.8488x04333', 'patrickball@gmail.com', 4.9, 'UK'),
(47, 'Brewer Inc Hotel', '404 French Circle Suite 654, North Tyler, RI 64226', '(729)754-9473x9031', 'ashleymoody@hotmail.com', 4.7, 'Armenia'),
(48, 'Terry-Kennedy Hotel', '16533 Owens Plains, Cabrerashire, DC 34518', '001-706-850-1275x701', 'aaustin@gmail.com', 4.4, 'UK'),
(49, 'Cruz-Miller Hotel', '55158 Owen Walk, Camachoview, FM 03590', '(885)379-0322x7893', 'kathyraymond@hotmail.com', 4.4, 'UK'),
(50, 'Taylor LLC Hotel', '78484 Johnson Forges Apt. 431, North Ann, FL 84338', '491-378-3493x9198', 'briggs@yahoo.com', 2.9, 'Germany');

SELECT * FROM Hotels;

-- HotelManagers
INSERT INTO HotelManagers (Manager_ID, Hotel_ID, Full_Name, Contact_Number, Email) VALUES
(6, 7, 'Susan Anderson', '+1-800-555-0199', 'susananderson@yahoo.com'),
(13, 26, 'Jennifer Fiftythree', '+1-800-555-0154', 'jennifer53@yahoo.com'),
(15, 5, 'F Simmons', '+1-800-555-0197', 'fsimmons@hotmail.com'),
(16, 44, 'Tate Justin', '+1-800-555-0136', 'tatejustin@hotmail.com'),
(17, 15, 'I Garcia', '+1-800-555-0102', 'igarcia@hotmail.com'),
(19, 9, 'T Bonilla', '+1-800-555-0183', 'tbonilla@yahoo.com'),
(21, 8, 'William Brown', '+1-800-555-0127', 'williambrown@hotmail.com'),
(35, 23, 'B Savage', '+1-800-555-0145', 'bsavage@gmail.com'),
(36, 3, 'G Monroe', '+1-800-555-0171', 'gmonroe@yahoo.com'),
(43, 25, 'Jack Zero Five', '+1-800-555-0140', 'jack05@hotmail.com'),
(50, 18, 'David Eighty Nine', '+1-800-555-0178', 'david89@gmail.com'),
(51, 23, 'H Collins', '+1-800-555-0120', 'hcollins@hotmail.com'),
(59, 6, 'Stewart Frank', '+1-800-555-0162', 'stewartfrank@yahoo.com'),
(63, 7, 'Mary Chavez', '+1-800-555-0168', 'marychavez@gmail.com'),
(66, 11, 'Payne John', '+1-800-555-0150', 'paynejohn@gmail.com'),
(69, 22, 'Morgan John', '+1-800-555-0123', 'morganjohn@yahoo.com'),
(70, 2, 'Melissa Eighty Seven', '+1-800-555-0133', 'melissa87@yahoo.com'),
(71, 31, 'William Seventy Six', '+1-800-555-0117', 'william76@yahoo.com'),
(78, 43, 'Edwin Wallace', '+1-800-555-0187', 'edwinwallace@gmail.com'),
(82, 12, 'N Armstrong', '+1-800-555-0141', 'narmstrong@hotmail.com'),
(83, 13, 'W Medina', '+1-800-555-0192', 'wmedina@gmail.com'),
(87, 14, 'Melanie Solomon', '+1-800-555-0109', 'melaniesolomon@hotmail.com'),
(89, 29, 'V Powell', '+1-800-555-0194', 'vpowell@hotmail.com'),
(94, 41, 'Andrea Hernandez', '+1-800-555-0166', 'andreahernandez@gmail.com'),
(99, 33, 'Harris Alexander', '+1-800-555-0146', 'harrisalexander@gmail.com');

SELECT * FROM HotelManagers;

-- Review
INSERT INTO Review (Hotel_ID, User_ID, Review_ID, Rating, Comment, Date) VALUES 
(10, 68, 1, 0.0, 'Wide peace song difficult thing yet. Statement it leg bit while who inside. Present single she while base. General list often happen allow community.', '2023-04-30'),
(46, 67, 2, 0.0, 'Answer support between probably really answer. Hour reach husband such serious move spend. Party employee long cost challenge six attention. Mrs human I ever feel happen fund recently.', '2024-04-01'),
(47, 38, 3, 4.9, 'Score little investment bank collection show food good. Kind positive last year. Fight perform score start fear hear. Recent difficult call pressure. Happen recent perform edge him north situation.', '2023-07-05'),
(29, 10, 4, 0.5, 'Speak plan student relate owner central company. Human quite station he. Serious specific new action than through. Relationship what federal take upon share above example.', '2023-09-01'),
(11, 42, 5, 4.0, 'Truth over discover business ground fact arm.', '2024-03-13'),
(21, 83, 6, 3.5, 'Remain than develop. Spring sport performance since fine somebody bed. Instead late rest maybe team.', '2024-02-17'),
(2, 30, 7, 1.1, 'Camera per question off. Policy environment involve. Dinner hotel side. Mind fly keep. Community current over voice senior lose. Court specific generation modern authority travel small magazine.', '2023-10-06'),
(8, 8, 8, 2.1, 'Young assume window card. New glass collection respond. Town help study include.', '2024-03-06'),
(47, 84, 9, 2.7, 'Dinner wrong drive not where four. He month lay. Include course coach act better perform choose. Strategy star issue current. Different place feeling together.', '2023-06-27'),
(46, 37, 10, 3.6, 'Growth listen size bar offer boy stage. Exist indeed sound phone big many. See outside bank get hope nor process particular.', '2023-11-09'),
(25, 94, 11, 3.4, 'Young responsibility kind control table affect up. Above relationship message hundred data become significant.', '2023-07-05'),
(42, 82, 12, 3.0, 'Mission too name. Fight knowledge event at pretty energy other. Growth film participant size clear recent response region. Knowledge political room south. Magazine outside specific get page.', '2023-11-25'),
(1, 3, 13, 0.9, 'Similar similar half community source quality citizen. Responsibility people age general coach. Require road father ball energy.', '2023-09-20'),
(6, 99, 14, 1.1, 'Cost pass against plan. Respond teacher air. Spring drug big head back yard case improve. Purpose agree man set election set draw example. Material put by enjoy.', '2024-04-14'),
(3, 51, 15, 4.1, 'Meet quickly per south cause glass type. Four eat professor. Left likely condition author. Relate feel treatment magazine start plant us happy. Run their walk term catch.', '2023-08-15'),
(30, 51, 16, 1.6, 'About new mind. Radio left radio prove. Scientist each kind magazine arm maybe. Actually cause car care fly itself manage. Smile more majority care trial financial by.', '2023-07-21'),
(19, 4, 17, 1.9, 'Be company process either within than series. Computer attention full fact trip yard no.', '2024-04-02'),
(28, 95, 18, 2.7, 'Have attack unit policy. Research beautiful floor wife simple almost. Need rest general audience.', '2023-09-20'),
(28, 71, 19, 1.5, 'Marriage plan institution less effort. Woman although small American. Today partner evening ago challenge. Over investment night born tend check forward final. Theory author forget.', '2023-10-26'),
(28, 33, 20, 4.6, 'Ball marriage PM play long stock. Billion too prepare small. Play model step find cover. Financial upon plant show. Head third institution indicate science. Could bad themselves watch husband work.', '2023-10-28'),
(18, 26, 21, 3.9, 'East somebody remain cell our alone. Trade risk firm likely there sense hour. Clear away just position every health past. Inside actually rule while race. North perhaps class show walk western.', '2023-06-21'),
(22, 23, 22, 0.2, 'Remain safe hold about beyond too. Enough treat teacher these. Class election law tough. Dog rule near though country success.', '2023-08-10'),
(4, 98, 23, 0.5, 'Its program food trip story serious find. Pretty life evidence any single doctor. Hand pull just. Agreement card wife attention different feeling good kind. Place pressure item get recent.', '2023-06-30'),
(10, 63, 24, 2.3, 'Suddenly resource professor marriage despite. Speak large discover light site. Back surface poor short draw.', '2024-03-08'),
(49, 35, 25, 2.6, 'Court wrong later never pay program team. Avoid everything recently quickly. Product teach that authority.', '2023-12-23'),
(10, 99, 26, 4.1, 'Identify story discover machine. Cover study safe food save. If course compare free way star.', '2024-03-06'),
(38, 45, 27, 3.7, 'Off way training figure poor action. Minute site seat good analysis each. Anything next now. All know meet boy put.', '2023-12-02'),
(13, 80, 28, 4.6, 'Wait must under. Sense believe body subject. Simply official fear star involve with.', '2024-02-07'),
(28, 26, 29, 1.4, 'Information director raise start. Result weight organization whatever.', '2023-09-09'),
(44, 64, 30, 3.3, 'Explain court military natural suffer. Sound election high address move ten control.', '2023-06-15'),
(25, 59, 31, 4.4, 'Environmental travel if well step son. Partner identify bag ask policy speak pressure individual. All right gas together leader memory.', '2023-10-08'),
(34, 42, 32, 1.6, 'Artist others treat check. Picture increase able if crime machine. Return material view field together be specific. Under protect bank similar. Establish should maybe so left recent Democrat.', '2023-12-19'),
(5, 93, 33, 0.5, 'Face name management happen play only foot. Factor data wind role want central similar. Report guess describe structure. Sport treat matter onto.', '2024-03-03'),
(50, 42, 34, 4.5, 'Person set new. Test whom drop indeed offer clear inside. Compare coach look top physical. Series network region through. Nation like that technology.', '2023-07-08'),
(46, 20, 35, 1.6, 'Beat black detail writer less. Finally boy later thought. Real treat stock good east seem part rock. Doctor police relationship third certain hold exist. Ahead wish drive help.', '2023-09-22'),
(14, 97, 36, 4.2, 'Issue social begin natural yes language. Like tree watch recognize course third maybe. Act keep base bad usually price nature.', '2023-10-13'),
(44, 31, 37, 4.1, 'Bring image customer no. Anything step economy student every kind direction finish. Argue ago kitchen lay seat.', '2023-11-15'),
(29, 26, 38, 3.3, 'Form ground them. Network everything hand change. Trial yourself wait door actually glass. Production perhaps home. Decide opportunity policy product. Defense of century travel perform bank ask get.', '2023-10-11'),
(45, 65, 39, 1.5, 'Against ground end safe plant need. Major stuff painting help amount if interesting natural.', '2023-05-03'),
(41, 79, 40, 4.0, 'Message treatment simply camera role. Culture me back more chair see other. Technology agreement push value actually. Sea even whole red process. Eye available move field fine. Skin you bar early.', '2023-08-04'),
(31, 1, 41, 4.5, 'Nearly he house. Decade medical view fall several where. Cell prove political meet entire approach before. My any win. Kind year describe matter.', '2023-06-05'),
(7, 7, 42, 4.8, 'Kitchen garden continue take street. Form maintain health shoulder speak trip inside. Specific forward million hand also movie coach.', '2023-07-02'),
(5, 1, 43, 3.9, 'Life many learn air role task wait team. Staff language very. Fly loss expect ago. Heavy letter single quite. Right science theory plant cell own. Conference produce industry fear boy for.', '2023-07-01'),
(16, 78, 44, 4.0, 'Paper price success claim which follow fast. Couple your kid. Short couple career enough apply billion.', '2024-01-10'),
(19, 42, 45, 1.0, 'Good choice protect kid staff commercial. Morning about drug human. Effect spring growth hospital continue. Site note dinner citizen traditional.', '2024-02-12'),
(7, 40, 46, 2.0, 'Say win himself seat nature anything. Employee beat bring economy view. Impact give point economy indeed.', '2023-10-23'),
(27, 9, 47, 1.7, 'Field attorney program night small. Late turn science impact. Able either side hope investment region later claim. Thank if best long identify charge especially.', '2023-08-28'),
(38, 41, 48, 2.9, 'Try control guess official sometimes law daughter drug. Opportunity stop pressure campaign type life them. Around listen whose behind.', '2023-07-11'),
(11, 16, 49, 4.9, 'Far modern instead and century every. Throw station bag by. Page month seat much. Sense action describe rest. Discuss strong performance test.', '2023-08-28'),
(31, 24, 50, 2.9, 'Ago available move weight condition alone simply. Style lose decision white year.', '2023-11-24'),
(29, 45, 51, 4.2, 'Under develop also realize. Suffer according Congress onto. Somebody security around learn operation north sometimes strategy.', '2023-07-11'),
(21, 98, 52, 4.5, 'Despite right future heavy network art true blood. Data develop possible agent control people rule. World yet about table individual middle.', '2023-07-05'),
(40, 73, 53, 3.2, 'Institution appear prove catch ok. Guy future third network trip ball. Bill believe result rule beat school admit.', '2023-12-05'),
(41, 82, 54, 3.0, 'Unit rule hotel cost plan. Manage unit go thus woman. Both identify fire deal raise recently.', '2023-07-30'),
(22, 65, 55, 1.2, 'Process brother out green early newspaper. Pull item case measure senior last piece according. Ready appear performance management just never.', '2023-04-30'),
(17, 70, 56, 1.6, 'Guess hotel record particularly. Late various tend ground many continue relationship. Special world where agreement threat. Game dark reveal even nice couple try heart. Sister specific case put.', '2023-06-16'),
(18, 27, 57, 4.3, 'Other house director specific air. South allow throughout practice wear another fill. Fish evidence trade mention. Resource respond social standard.', '2023-08-31'),
(15, 24, 58, 0.1, 'Front good believe remain let. Adult south also he learn. Interesting choice do military term lot beat. Her fast machine when artist manage member under. Look cause create whole same arm.', '2023-09-21'),
(49, 48, 59, 2.2, 'Second interest able sometimes avoid president office. Traditional term teacher.', '2024-04-10'),
(33, 39, 60, 0.0, 'Likely time door will ask. Before impact rock live general growth. Performance campaign sell. Occur realize write.', '2023-08-24');

SELECT * FROM Review;

-- Room
INSERT INTO Room (Room_ID, Hotel_ID, Room_type, Capacity, Price_Per_Night, Availability) VALUES
(1, 21, 'Connecting', 4, 448.81, False),
(2, 3, 'Single', 6, 108.32, True),
(3, 10, 'Single', 2, 357.5, False),
(4, 17, 'Connecting', 7, 170.31, False),
(5, 14, 'President Suite', 5, 402.81, False),
(6, 2, 'President Suite', 5, 168.32, False),
(7, 9, 'Connecting', 2, 277.95, True),
(8, 5, 'Single', 3, 404.39, False),
(9, 13, 'President Suite', 4, 301.37, True),
(10, 4, 'Cabana', 5, 358.12, False),
(11, 30, 'Cabana', 8, 87.21, True),
(12, 16, 'Double', 7, 481.65, False),
(13, 16, 'President Suite', 2, 494.4, False),
(14, 20, 'Connecting', 4, 163.75, True),
(15, 1, 'Single', 3, 386.01, True),
(16, 21, 'Double', 4, 83.6, False),
(17, 14, 'Double', 2, 437.23, False),
(18, 19, 'Double', 7, 339.81, True),
(19, 10, 'Cabana', 2, 384.93, False),
(20, 3, 'Double', 7, 320.89, False),
(21, 16, 'President Suite', 5, 111.89, False),
(22, 3, 'President Suite', 5, 417.9, True),
(23, 5, 'Cabana', 2, 161.53, False),
(24, 2, 'President Suite', 2, 74.62, True),
(25, 26, 'President Suite', 1, 252.0, True),
(26, 21, 'Connecting', 6, 369.3, False),
(27, 28, 'Double', 6, 239.34, True),
(28, 28, 'Connecting', 6, 226.44, True),
(29, 16, 'President Suite', 2, 330.4, True),
(30, 20, 'Double', 3, 158.68, False),
(31, 11, 'President Suite', 1, 168.2, False),
(32, 25, 'President Suite', 2, 250.12, True),
(33, 4, 'Cabana', 5, 404.03, False),
(34, 7, 'President Suite', 7, 412.62, True),
(35, 5, 'Single', 7, 68.01, True),
(36, 19, 'Cabana', 6, 421.34, True),
(37, 28, 'Cabana', 1, 482.31, True),
(38, 28, 'Cabana', 7, 242.06, True),
(39, 15, 'Single', 4, 79.31, True),
(40, 11, 'Double', 2, 436.55, True),
(41, 14, 'Single', 6, 109.83, False),
(42, 29, 'President Suite', 8, 186.7, True),
(43, 15, 'Double', 8, 480.32, True),
(44, 11, 'Connecting', 6, 442.08, False),
(45, 13, 'Single', 2, 67.13, True),
(46, 6, 'Cabana', 2, 196.64, True),
(47, 4, 'Connecting', 2, 409.36, False),
(48, 4, 'President Suite', 6, 238.75, True),
(49, 1, 'Double', 8, 468.61, True),
(50, 26, 'Single', 4, 403.54, True),
(51, 8, 'Double', 7, 468.71, True),
(52, 22, 'Cabana', 1, 93.72, True),
(53, 30, 'Connecting', 8, 99.17, False),
(54, 26, 'President Suite', 4, 420.39, False),
(55, 14, 'Double', 7, 120.38, True),
(56, 11, 'Double', 7, 264.83, False),
(57, 26, 'Single', 2, 366.15, False),
(58, 13, 'Cabana', 7, 50.64, True),
(59, 28, 'President Suite', 4, 94.06, True),
(60, 12, 'Double', 4, 367.82, False),
(61, 17, 'Double', 8, 317.35, True),
(62, 23, 'Double', 5, 301.69, False),
(63, 8, 'Single', 1, 333.77, True),
(64, 21, 'Double', 6, 277.67, False),
(65, 7, 'Cabana', 5, 151.25, False),
(66, 13, 'Connecting', 4, 132.56, False),
(67, 7, 'Double', 7, 64.44, True),
(68, 17, 'Cabana', 5, 252.38, False),
(69, 22, 'Connecting', 4, 270.84, True),
(70, 3, 'Cabana', 4, 89.64, True),
(71, 29, 'Double', 1, 413.29, False),
(72, 7, 'Double', 8, 397.14, True),
(73, 15, 'Double', 8, 336.17, True),
(74, 28, 'Connecting', 2, 236.07, False),
(75, 27, 'Double', 4, 456.04, True),
(76, 13, 'President Suite', 4, 295.91, False),
(77, 8, 'Double', 7, 191.25, True),
(78, 17, 'Connecting', 7, 423.4, False),
(79, 12, 'Double', 6, 69.91, False),
(80, 6, 'President Suite', 5, 439.9, True),
(81, 8, 'Single', 5, 53.92, False),
(82, 15, 'Connecting', 7, 368.96, False),
(83, 1, 'Connecting', 8, 432.31, False),
(84, 11, 'Connecting', 5, 164.67, False),
(85, 12, 'President Suite', 6, 434.83, True),
(86, 23, 'Double', 3, 58.12, True),
(87, 24, 'Connecting', 5, 498.19, True),
(88, 6, 'Cabana', 3, 212.78, True),
(89, 13, 'Double', 1, 114.99, True),
(90, 2, 'Double', 1, 138.74, True),
(91, 22, 'Cabana', 2, 161.91, True),
(92, 24, 'Cabana', 1, 257.03, False),
(93, 8, 'Double', 1, 258.09, False),
(94, 16, 'Double', 2, 267.83, True),
(95, 8, 'Connecting', 5, 410.64, False),
(96, 17, 'Cabana', 4, 387.25, False),
(97, 9, 'Connecting', 8, 391.9, False),
(98, 15, 'Connecting', 1, 239.61, True),
(99, 25, 'President Suite', 1, 118.88, False),
(100, 27, 'Double', 8, 328.93, True);

SELECT * FROM Room;

-- Loyalty_program
INSERT INTO Loyalty_program (User_ID, Points, Program_type)
VALUES
    (1, 50, 'Gold'),
    (2, 60, 'Silver'),
    (3, 70, 'Platinum'),
    (4, 80, 'Silver'),
    (5, 90, 'Silver'),
    (6, 40, 'Platinum'),
    (7, 30, 'Gold'),
    (8, 20, 'Silver'),
    (9, 10, 'Platinum'),
    (10, 50, 'Gold'),
    (11, 60, 'Silver'),
    (12, 70, 'Platinum'),
    (13, 80, 'Gold'),
    (14, 90, 'Silver'),
    (15, 40, 'Platinum'),
    (16, 30, 'Gold'),
    (17, 20, 'Silver'),
    (18, 10, 'Platinum'),
    (19, 50, 'Gold'),
    (20, 60, 'Silver'),
    (21, 70, 'Platinum'),
    (22, 80, 'Gold'),
    (23, 90, 'Silver'),
    (24, 40, 'Platinum'),
    (25, 30, 'Gold'),
    (26, 20, 'Gold'),
    (27, 10, 'Platinum'),
    (28, 50, 'Gold'),
    (29, 60, 'Silver'),
    (30, 70, 'Platinum'),
    (31, 80, 'Gold'),
    (32, 90, 'Silver'),
    (33, 40, 'Platinum'),
    (34, 30, 'Gold'),
    (35, 20, 'Silver'),
    (36, 10, 'Platinum'),
    (37, 50, 'Gold'),
    (38, 60, 'Silver'),
    (39, 70, 'Platinum'),
    (40, 80, 'Gold'),
    (41, 90, 'Silver'),
    (42, 40, 'Platinum'),
    (43, 30, 'Gold'),
    (44, 20, 'Silver'),
    (45, 10, 'Platinum'),
    (46, 50, 'Gold'),
    (47, 60, 'Silver'),
    (48, 70, 'Platinum'),
    (49, 80, 'Gold'),
    (50, 90, 'Silver'),
    (51, 40, 'Platinum'),
    (52, 30, 'Gold'),
    (53, 20, 'Silver'),
    (54, 10, 'Platinum'),
    (55, 50, 'Gold'),
    (56, 60, 'Silver'),
    (57, 70, 'Platinum'),
    (58, 80, 'Gold'),
    (59, 90, 'Silver'),
    (60, 40, 'Platinum'),
    (61, 30, 'Gold'),
    (62, 20, 'Silver'),
    (63, 10, 'Platinum'),
    (64, 50, 'Gold'),
    (65, 60, 'Silver'),
    (66, 70, 'Platinum'),
    (67, 80, 'Gold'),
    (68, 90, 'Silver'),
    (69, 40, 'Platinum'),
    (70, 30, 'Gold'),
    (71, 20, 'Silver'),
    (72, 10, 'Platinum'),
    (73, 50, 'Gold'),
    (74, 60, 'Silver'),
    (75, 70, 'Platinum'),
    (76, 80, 'Gold'),
    (77, 90, 'Silver'),
    (78, 40, 'Platinum'),
    (79, 30, 'Gold'),
    (80, 20, 'Silver'),
    (81, 10, 'Platinum'),
    (82, 50, 'Gold'),
    (83, 60, 'Silver'),
    (84, 70, 'Platinum'),
    (85, 80, 'Gold'),
    (86, 90, 'Silver'),
    (87, 40, 'Platinum'),
    (88, 30, 'Gold'),
    (89, 20, 'Silver'),
    (90, 10, 'Platinum'),
    (91, 50, 'Gold'),
    (92, 60, 'Silver'),
    (93, 70, 'Platinum'),
    (94, 80, 'Gold'),
    (95, 90, 'Silver'),
    (96, 40, 'Platinum'),
    (97, 30, 'Gold'),
    (98, 20, 'Silver'),
    (99, 10, 'Platinum'),
    (100, 50, 'Gold');

SELECT * FROM Loyalty_program;

-- Reservations
INSERT INTO Reservations (User_ID, Room_ID, Check_in_Date, Check_out_Date, Status)
VALUES
    (1, 1, '2024-05-01', '2024-05-08', 'Confirmed'),
    (2, 2, '2024-05-02', '2024-05-06', 'Confirmed'),
    (3, 3, '2024-05-04', '2024-05-07', 'Confirmed'),
    (4, 4, '2024-05-04', '2024-05-08', 'Confirmed'),
	(4, 10, '2024-08-04', '2024-08-12', 'Confirmed'),
    (5, 5, '2024-05-05', '2024-05-09', 'Confirmed'),
    (6, 6, '2024-05-06', '2024-05-10', 'Confirmed'),
	(6, 6, '2024-11-07', '2024-11-11', 'Confirmed'),
    (7, 7, '2024-05-07', '2024-05-11', 'Confirmed'),
    (8, 8, '2024-05-08', '2024-05-12', 'Confirmed'),
    (9, 9, '2024-05-09', '2024-05-13', 'Confirmed'),
    (10, 10, '2024-05-10', '2024-05-14', 'Confirmed'),
    (11, 11, '2024-05-11', '2024-05-15', 'Confirmed'),
    (12, 12, '2024-05-12', '2024-05-16', 'Confirmed'),
    (13, 13, '2024-05-13', '2024-05-17', 'Confirmed'),
    (14, 14, '2024-05-14', '2024-05-18', 'Confirmed'),
    (15, 15, '2024-05-15', '2024-05-19', 'Confirmed'),
    (16, 16, '2024-05-16', '2024-05-20', 'Confirmed'),
    (17, 17, '2024-05-17', '2024-05-21', 'Confirmed'),
    (18, 18, '2024-05-18', '2024-05-22', 'Confirmed'),
    (19, 19, '2024-05-19', '2024-05-23', 'Confirmed'),
    (20, 20, '2024-05-20', '2024-05-24', 'Confirmed'),
    (21, 21, '2024-05-21', '2024-05-25', 'Confirmed'),
    (22, 22, '2024-05-22', '2024-05-26', 'Confirmed'),
    (23, 23, '2024-05-23', '2024-05-27', 'Confirmed'),
    (24, 24, '2024-05-24', '2024-05-28', 'Confirmed'),
    (25, 25, '2024-05-25', '2024-05-29', 'Confirmed'),
    (26, 26, '2024-05-26', '2024-05-30', 'Confirmed'),
	(26, 20, '2024-10-10', '2024-10-17', 'Confirmed'),
	(26, 20, '2024-12-21', '2024-12-30', 'Confirmed'),
    (27, 27, '2024-05-27', '2024-05-31', 'Confirmed'),
    (28, 28, '2024-05-28', '2024-06-01', 'Confirmed'),
    (29, 29, '2024-05-29', '2024-06-02', 'Confirmed'),
    (30, 30, '2024-05-30', '2024-06-03', 'Confirmed'),
    (31, 31, '2024-05-31', '2024-06-04', 'Confirmed'),
    (32, 32, '2024-06-01', '2024-06-05', 'Confirmed'),
    (33, 33, '2024-06-01', '2024-07-01', 'Confirmed'),
    (34, 34, '2024-06-03', '2024-06-07', 'Confirmed'),
    (35, 35, '2024-06-04', '2024-06-08', 'Confirmed'),
    (36, 36, '2024-06-05', '2024-06-09', 'Confirmed'),
    (37, 37, '2024-06-06', '2024-06-10', 'Confirmed'),
    (38, 38, '2024-06-07', '2024-06-11', 'Confirmed'),
    (39, 39, '2024-06-08', '2024-06-12', 'Confirmed'),
    (40, 40, '2024-06-09', '2024-06-13', 'Confirmed'),
    (41, 41, '2024-06-10', '2024-06-14', 'Confirmed'),
    (42, 42, '2024-06-11', '2024-06-15', 'Confirmed'),
    (43, 43, '2024-06-12', '2024-06-16', 'Confirmed'),
    (44, 44, '2024-06-13', '2024-06-17', 'Confirmed'),
    (45, 45, '2024-06-14', '2024-06-18', 'Confirmed'),
    (46, 46, '2024-06-15', '2024-06-19', 'Confirmed'),
    (47, 47, '2024-06-16', '2024-06-20', 'Confirmed'),
    (48, 48, '2024-06-17', '2024-06-21', 'Confirmed'),
    (49, 49, '2024-06-18', '2024-06-22', 'Confirmed'),
    (50, 50, '2024-06-19', '2024-06-23', 'Confirmed'),
    (51, 51, '2024-06-20', '2024-06-24', 'Confirmed'),
    (52, 52, '2024-06-21', '2024-06-25', 'Confirmed'),
    (53, 53, '2024-06-22', '2024-06-26', 'Confirmed'),
    (54, 54, '2024-06-23', '2024-06-27', 'Confirmed'),
    (55, 55, '2024-06-24', '2024-06-28', 'Confirmed'),
    (56, 56, '2024-06-25', '2024-06-29', 'Confirmed'),
    (57, 57, '2024-06-26', '2024-06-30', 'Confirmed'),
    (58, 58, '2024-06-27', '2024-07-01', 'Confirmed'),
    (59, 59, '2024-06-28', '2024-07-02', 'Confirmed'),
    (60, 60, '2024-06-29', '2024-07-03', 'Confirmed'),
    (61, 61, '2024-06-30', '2024-07-04', 'Confirmed'),
    (62, 62, '2024-07-01', '2024-07-05', 'Confirmed'),
    (63, 63, '2024-07-02', '2024-07-06', 'Confirmed'),
    (64, 64, '2024-07-03', '2024-07-07', 'Confirmed'),
    (65, 65, '2024-07-04', '2024-07-08', 'Confirmed'),
    (66, 66, '2024-07-05', '2024-07-09', 'Confirmed'),
    (67, 67, '2024-07-06', '2024-07-08', 'Confirmed'),
    (68, 68, '2024-07-07', '2024-07-11', 'Confirmed'),
    (69, 69, '2024-07-08', '2024-07-12', 'Confirmed'),
    (70, 70, '2024-07-08', '2024-07-13', 'Confirmed'),
    (71, 71, '2024-07-08', '2024-07-14', 'Confirmed'),
    (72, 72, '2024-07-08', '2024-07-15', 'Confirmed'),
    (73, 73, '2024-07-12', '2024-07-16', 'Confirmed'),
    (74, 74, '2024-07-13', '2024-07-17', 'Confirmed'),
    (75, 75, '2024-07-14', '2024-07-18', 'Confirmed'),
    (76, 76, '2024-07-15', '2024-07-21', 'Confirmed'),
    (77, 77, '2024-07-16', '2024-07-19', 'Confirmed'),
    (78, 78, '2024-07-17', '2024-07-21', 'Confirmed'),
    (79, 79, '2024-07-18', '2024-07-22', 'Confirmed'),
    (80, 80, '2024-07-19', '2024-07-23', 'Confirmed'),
    (81, 81, '2024-07-20', '2024-07-24', 'Confirmed'),
    (82, 82, '2024-07-21', '2024-07-25', 'Confirmed'),
    (83, 83, '2024-07-22', '2024-07-26', 'Confirmed'),
    (84, 84, '2024-07-23', '2024-07-27', 'Confirmed'),
    (85, 85, '2024-07-24', '2024-07-28', 'Confirmed'),
    (86, 86, '2024-07-25', '2024-07-29', 'Confirmed'),
    (87, 87, '2024-07-26', '2024-07-30', 'Confirmed'),
    (88, 88, '2024-07-27', '2024-07-31', 'Confirmed'),
    (89, 89, '2024-07-28', '2024-08-01', 'Confirmed'),
    (90, 90, '2024-07-29', '2024-08-02', 'Confirmed'),
    (91, 91, '2024-07-30', '2024-08-03', 'Confirmed'),
    (92, 92, '2024-07-31', '2024-08-04', 'Confirmed'),
    (93, 93, '2024-08-01', '2024-08-05', 'Confirmed'),
    (94, 94, '2024-08-02', '2024-08-06', 'Confirmed'),
    (95, 95, '2024-08-03', '2024-08-07', 'Confirmed'),
    (96, 96, '2024-08-04', '2024-08-08', 'Confirmed'),
    (97, 97, '2024-08-05', '2024-08-09', 'Confirmed'),
    (98, 98, '2024-08-06', '2024-08-10', 'Confirmed'),
    (99, 99, '2024-08-07', '2024-08-11', 'Confirmed'),
    (100, 100, '2024-08-08', '2024-08-12', 'Confirmed');
	
SELECT * FROM Reservations;

-- Payments
INSERT INTO Payments (Reservation_ID, Amount, Payment_Method, Payment_Status)
VALUES
    (1, 100.00, 'Credit Card', 'Paid'),
    (2, 150.00, 'PayPal', 'Paid'),
    (3, 200.00, 'Credit Card', 'Paid'),
    (4, 250.00, 'PayPal', 'Paid'),
    (5, 300.00, 'Credit Card', 'Paid'),
    (6, 350.00, 'PayPal', 'Paid'),
    (7, 400.00, 'Credit Card', 'Paid'),
    (8, 450.00, 'PayPal', 'Paid'),
    (9, 500.00, 'Credit Card', 'Paid'),
    (10, 550.00, 'PayPal', 'Paid'),
    (11, 600.00, 'Credit Card', 'Pending'),
    (12, 650.00, 'PayPal', 'Paid'),
    (13, 700.00, 'Credit Card', 'Paid'),
    (14, 750.00, 'PayPal', 'Paid'),
    (15, 800.00, 'Credit Card', 'Paid'),
    (16, 850.00, 'PayPal', 'Paid'),
    (17, 900.00, 'Credit Card', 'Paid'),
    (18, 950.00, 'PayPal', 'Paid'),
    (19, 1000.00, 'Credit Card', 'Paid'),
    (20, 1050.00, 'PayPal', 'Paid'),
    (21, 1100.00, 'Credit Card', 'Pending'),
    (22, 1150.00, 'PayPal', 'Paid'),
    (23, 1200.00, 'Credit Card', 'Paid'),
    (24, 1250.00, 'PayPal', 'Paid'),
    (25, 1300.00, 'Credit Card', 'Paid'),
    (26, 1350.00, 'PayPal', 'Paid'),
    (27, 1400.00, 'Credit Card', 'Paid'),
    (28, 1450.00, 'PayPal', 'Paid'),
    (29, 1500.00, 'Credit Card', 'Paid'),
    (30, 1550.00, 'PayPal', 'Paid'),
    (31, 1600.00, 'Credit Card', 'Paid'),
    (32, 1650.00, 'PayPal', 'Paid'),
    (33, 1700.00, 'Credit Card', 'Paid'),
    (34, 1750.00, 'PayPal', 'Paid'),
    (35, 1800.00, 'Credit Card', 'Paid'),
    (36, 1850.00, 'PayPal', 'Paid'),
    (37, 1900.00, 'Credit Card', 'Paid'),
    (38, 1950.00, 'PayPal', 'Paid'),
    (39, 2000.00, 'Credit Card', 'Paid'),
    (40, 2050.00, 'PayPal', 'Paid'),
    (41, 2100.00, 'Credit Card', 'Paid'),
    (42, 2150.00, 'PayPal', 'Paid'),
    (43, 2200.00, 'Credit Card', 'Paid'),
    (44, 2250.00, 'PayPal', 'Paid'),
    (45, 2300.00, 'Credit Card', 'Paid'),
    (46, 2350.00, 'PayPal', 'Paid'),
    (47, 2400.00, 'Credit Card', 'Pending'),
    (48, 2450.00, 'PayPal', 'Paid'),
    (49, 2500.00, 'Credit Card', 'Paid'),
    (50, 2550.00, 'PayPal', 'Paid'),
    (51, 2600.00, 'Credit Card', 'Paid'),
    (52, 2650.00, 'PayPal', 'Paid'),
    (53, 2700.00, 'Credit Card', 'Paid'),
    (54, 2750.00, 'PayPal', 'Paid'),
    (55, 2800.00, 'Credit Card', 'Paid'),
    (56, 2850.00, 'PayPal', 'Paid'),
    (57, 2900.00, 'Credit Card', 'Pending'),
    (58, 2950.00, 'PayPal', 'Paid'),
    (59, 3000.00, 'Credit Card', 'Paid'),
    (60, 3050.00, 'PayPal', 'Paid'),
    (61, 3100.00, 'Credit Card', 'Paid'),
    (62, 3150.00, 'PayPal', 'Paid'),
    (63, 3200.00, 'Credit Card', 'Paid'),
    (64, 3250.00, 'PayPal', 'Paid'),
    (65, 3300.00, 'Credit Card', 'Paid'),
    (66, 3350.00, 'PayPal', 'Paid'),
    (67, 3400.00, 'Credit Card', 'Paid'),
    (68, 3450.00, 'PayPal', 'Paid'),
    (69, 3500.00, 'Credit Card', 'Paid'),
    (70, 3550.00, 'PayPal', 'Paid'),
    (71, 3600.00, 'Credit Card', 'Paid'),
    (72, 3650.00, 'PayPal', 'Paid'),
    (73, 3700.00, 'Credit Card', 'Paid'),
    (74, 3750.00, 'PayPal', 'Paid'),
    (75, 3800.00, 'Credit Card', 'Paid'),
    (76, 3850.00, 'PayPal', 'Paid'),
    (77, 3900.00, 'Credit Card', 'Paid'),
    (78, 3950.00, 'PayPal', 'Paid'),
    (79, 4000.00, 'Credit Card', 'Pending'),
    (80, 4050.00, 'PayPal', 'Paid'),
    (81, 4100.00, 'Credit Card', 'Paid'),
    (82, 4150.00, 'PayPal', 'Paid'),
    (83, 4200.00, 'Credit Card', 'Paid'),
    (84, 4250.00, 'PayPal', 'Paid'),
    (85, 4300.00, 'Credit Card', 'Paid'),
    (86, 4350.00, 'PayPal', 'Paid'),
    (87, 4400.00, 'Credit Card', 'Paid'),
    (88, 4450.00, 'PayPal', 'Paid'),
    (89, 4500.00, 'Credit Card', 'Paid'),
    (90, 4550.00, 'PayPal', 'Paid'),
    (91, 4600.00, 'Credit Card', 'Paid'),
    (92, 4650.00, 'PayPal', 'Paid'),
    (93, 4700.00, 'Credit Card', 'Pending'),
    (94, 4750.00, 'PayPal', 'Paid'),
    (95, 4800.00, 'Credit Card', 'Paid'),
    (96, 4850.00, 'PayPal', 'Paid'),
    (97, 4900.00, 'Credit Card', 'Paid'),
    (98, 4950.00, 'Credit Card', 'Paid'),
    (99, 5000.00, 'Credit Card', 'Paid'),
    (100, 5050.00, 'PayPal', 'Paid');

SELECT * FROM Payments;

-- Administrators
insert into Administrators(Username, Password, Email, Full_Name)
select
	'admin' || gs AS Username,
	'admin' || gs AS Password,
	'admin' || gs || '@example.com' AS Email,
	'Admin' || gs AS Full_Name
from generate_series(1, 10) as gs;

SELECT * FROM Administrators;

-- Languages
insert into Languages(Language_Name)
values
	('English'),
	('Russian'),
	('French'),
	('Spanish'),
	('German');

SELECT * FROM Languages;

-- Reservation Status Update
UPDATE Reservations
SET Status = 'Confirmed'
WHERE Reservation_ID IN (
    SELECT Reservation_ID
    FROM Payments
    WHERE Payment_Status = 'Paid'
);

SELECT * FROM Reservations;